Spectrum	Spectrum File	Peptide	Modified Peptide	Prev AA	Next AA	Peptide Length	Charge	Retention	Observed Mass	Calibrated Observed Mass	Observed M/Z	Calibrated Observed M/Z	Calculated Peptide Mass	Calculated M/Z	Delta Mass	SpectralSim	RTScore	Expectation	Hyperscore	Nextscore	PeptideProphet Probability	Number of Enzymatic Termini	Number of Missed Cleavages	Protein Start	Protein End	Intensity	Assigned Modifications	Observed Modifications	Is Unique	Protein	Protein ID	Entry Name	Gene	Protein Description	Mapped Genes	Mapped Proteins
20150906_HEK-arsenite_ctrl-1.00004.00004.2	C:\Users\bathy\Documents\HEK\interact-20150906_HEK-arsenite_ctrl-1.pep.xml	LAHYNKR		R	S	7	2	1.6042	900.5068	900.4967	451.2607	451.2556	900.4930	451.2538	0.0037	0.9393	0.3069	0.89279160000000	11.6970	0.0000	0.9998	2	1	81	87	0.0000			false	sp|P58876|H2B1D_HUMAN	P58876	H2B1D_HUMAN	H2BC5	Histone H2B type 1-D	H2BC11, H2BC12, H2BC13, H2BC14, H2BC15, H2BC17, H2BC18, H2BC19P, H2BC20P, H2BC21, H2BC3, H2BC4, H2BC9, H2BU1	sp|O60814|H2B1K_HUMAN, sp|P06899|H2B1J_HUMAN, sp|P23527|H2B1O_HUMAN, sp|P33778|H2B1B_HUMAN, sp|P62807|H2B1C_HUMAN, sp|Q16778|H2B2E_HUMAN, sp|Q5QNW6|H2B2F_HUMAN, sp|Q6DN03|H2B2C_HUMAN, sp|Q6DRA6|H2B2D_HUMAN, sp|Q8N257|H2B3B_HUMAN, sp|Q93079|H2B1H_HUMAN, sp|Q99877|H2B1N_HUMAN, sp|Q99879|H2B1M_HUMAN, sp|Q99880|H2B1L_HUMAN
20150906_HEK-arsenite_ctrl-1.00066.00066.2	C:\Users\bathy\Documents\HEK\interact-20150906_HEK-arsenite_ctrl-1.pep.xml	LAHYNKR		R	S	7	2	25.0508	900.4938	900.4968	451.2542	451.2557	900.4930	451.2538	0.0038	0.9538	0.2994	0.21244670000000	13.1910	0.0000	0.9999	2	1	81	87	0.0000			false	sp|P58876|H2B1D_HUMAN	P58876	H2B1D_HUMAN	H2BC5	Histone H2B type 1-D	H2BC11, H2BC12, H2BC13, H2BC14, H2BC15, H2BC17, H2BC18, H2BC19P, H2BC20P, H2BC21, H2BC3, H2BC4, H2BC9, H2BU1	sp|O60814|H2B1K_HUMAN, sp|P06899|H2B1J_HUMAN, sp|P23527|H2B1O_HUMAN, sp|P33778|H2B1B_HUMAN, sp|P62807|H2B1C_HUMAN, sp|Q16778|H2B2E_HUMAN, sp|Q5QNW6|H2B2F_HUMAN, sp|Q6DN03|H2B2C_HUMAN, sp|Q6DRA6|H2B2D_HUMAN, sp|Q8N257|H2B3B_HUMAN, sp|Q93079|H2B1H_HUMAN, sp|Q99877|H2B1N_HUMAN, sp|Q99879|H2B1M_HUMAN, sp|Q99880|H2B1L_HUMAN
20150906_HEK-arsenite_ctrl-1.00107.00107.2	C:\Users\bathy\Documents\HEK\interact-20150906_HEK-arsenite_ctrl-1.pep.xml	LAHYNKR		R	S	7	2	40.3004	900.4952	900.4963	451.2549	451.2554	900.4930	451.2538	0.0033	0.9628	0.2946	0.11207270000000	14.3020	9.9870	0.9997	2	1	81	87	0.0000			false	sp|P58876|H2B1D_HUMAN	P58876	H2B1D_HUMAN	H2BC5	Histone H2B type 1-D	H2BC11, H2BC12, H2BC13, H2BC14, H2BC15, H2BC17, H2BC18, H2BC19P, H2BC20P, H2BC21, H2BC3, H2BC4, H2BC9, H2BU1	sp|O60814|H2B1K_HUMAN, sp|P06899|H2B1J_HUMAN, sp|P23527|H2B1O_HUMAN, sp|P33778|H2B1B_HUMAN, sp|P62807|H2B1C_HUMAN, sp|Q16778|H2B2E_HUMAN, sp|Q5QNW6|H2B2F_HUMAN, sp|Q6DN03|H2B2C_HUMAN, sp|Q6DRA6|H2B2D_HUMAN, sp|Q8N257|H2B3B_HUMAN, sp|Q93079|H2B1H_HUMAN, sp|Q99877|H2B1N_HUMAN, sp|Q99879|H2B1M_HUMAN, sp|Q99880|H2B1L_HUMAN
20150906_HEK-arsenite_ctrl-1.00161.00161.2	C:\Users\bathy\Documents\HEK\interact-20150906_HEK-arsenite_ctrl-1.pep.xml	LAHYNKR		R	S	7	2	60.7031	900.4974	900.4966	451.2560	451.2556	900.4930	451.2538	0.0036	0.9619	0.2881	0.15532810000000	12.7350	0.0000	1.0000	2	1	81	87	0.0000			false	sp|P58876|H2B1D_HUMAN	P58876	H2B1D_HUMAN	H2BC5	Histone H2B type 1-D	H2BC11, H2BC12, H2BC13, H2BC14, H2BC15, H2BC17, H2BC18, H2BC19P, H2BC20P, H2BC21, H2BC3, H2BC4, H2BC9, H2BU1	sp|O60814|H2B1K_HUMAN, sp|P06899|H2B1J_HUMAN, sp|P23527|H2B1O_HUMAN, sp|P33778|H2B1B_HUMAN, sp|P62807|H2B1C_HUMAN, sp|Q16778|H2B2E_HUMAN, sp|Q5QNW6|H2B2F_HUMAN, sp|Q6DN03|H2B2C_HUMAN, sp|Q6DRA6|H2B2D_HUMAN, sp|Q8N257|H2B3B_HUMAN, sp|Q93079|H2B1H_HUMAN, sp|Q99877|H2B1N_HUMAN, sp|Q99879|H2B1M_HUMAN, sp|Q99880|H2B1L_HUMAN
20150906_HEK-arsenite_ctrl-1.00206.00206.2	C:\Users\bathy\Documents\HEK\interact-20150906_HEK-arsenite_ctrl-1.pep.xml	LAHYNKR		R	S	7	2	78.2345	900.4972	900.4977	451.2559	451.2561	900.4930	451.2538	0.0047	0.9470	0.2825	0.16548170000000	12.6250	0.0000	0.9999	2	1	81	87	0.0000			false	sp|P58876|H2B1D_HUMAN	P58876	H2B1D_HUMAN	H2BC5	Histone H2B type 1-D	H2BC11, H2BC12, H2BC13, H2BC14, H2BC15, H2BC17, H2BC18, H2BC19P, H2BC20P, H2BC21, H2BC3, H2BC4, H2BC9, H2BU1	sp|O60814|H2B1K_HUMAN, sp|P06899|H2B1J_HUMAN, sp|P23527|H2B1O_HUMAN, sp|P33778|H2B1B_HUMAN, sp|P62807|H2B1C_HUMAN, sp|Q16778|H2B2E_HUMAN, sp|Q5QNW6|H2B2F_HUMAN, sp|Q6DN03|H2B2C_HUMAN, sp|Q6DRA6|H2B2D_HUMAN, sp|Q8N257|H2B3B_HUMAN, sp|Q93079|H2B1H_HUMAN, sp|Q99877|H2B1N_HUMAN, sp|Q99879|H2B1M_HUMAN, sp|Q99880|H2B1L_HUMAN
20150906_HEK-arsenite_ctrl-1.00911.00911.2	C:\Users\bathy\Documents\HEK\interact-20150906_HEK-arsenite_ctrl-1.pep.xml	LAHYNKR		R	S	7	2	337.8020	900.5004	900.4996	451.2575	451.2571	900.4930	451.2538	0.0065	0.9800	0.2000	0.00143716100000	17.3390	9.8180	0.9998	2	1	81	87	0.0000			false	sp|P58876|H2B1D_HUMAN	P58876	H2B1D_HUMAN	H2BC5	Histone H2B type 1-D	H2BC11, H2BC12, H2BC13, H2BC14, H2BC15, H2BC17, H2BC18, H2BC19P, H2BC20P, H2BC21, H2BC3, H2BC4, H2BC9, H2BU1	sp|O60814|H2B1K_HUMAN, sp|P06899|H2B1J_HUMAN, sp|P23527|H2B1O_HUMAN, sp|P33778|H2B1B_HUMAN, sp|P62807|H2B1C_HUMAN, sp|Q16778|H2B2E_HUMAN, sp|Q5QNW6|H2B2F_HUMAN, sp|Q6DN03|H2B2C_HUMAN, sp|Q6DRA6|H2B2D_HUMAN, sp|Q8N257|H2B3B_HUMAN, sp|Q93079|H2B1H_HUMAN, sp|Q99877|H2B1N_HUMAN, sp|Q99879|H2B1M_HUMAN, sp|Q99880|H2B1L_HUMAN
20150906_HEK-arsenite_ctrl-1.00954.00954.2	C:\Users\bathy\Documents\HEK\interact-20150906_HEK-arsenite_ctrl-1.pep.xml	LAHYNKR		R	S	7	2	353.3516	900.5004	900.4993	451.2575	451.2569	900.4930	451.2538	0.0062	0.9758	0.1951	0.01050128000000	15.9480	10.8510	0.9996	2	1	81	87	0.0000			false	sp|P58876|H2B1D_HUMAN	P58876	H2B1D_HUMAN	H2BC5	Histone H2B type 1-D	H2BC11, H2BC12, H2BC13, H2BC14, H2BC15, H2BC17, H2BC18, H2BC19P, H2BC20P, H2BC21, H2BC3, H2BC4, H2BC9, H2BU1	sp|O60814|H2B1K_HUMAN, sp|P06899|H2B1J_HUMAN, sp|P23527|H2B1O_HUMAN, sp|P33778|H2B1B_HUMAN, sp|P62807|H2B1C_HUMAN, sp|Q16778|H2B2E_HUMAN, sp|Q5QNW6|H2B2F_HUMAN, sp|Q6DN03|H2B2C_HUMAN, sp|Q6DRA6|H2B2D_HUMAN, sp|Q8N257|H2B3B_HUMAN, sp|Q93079|H2B1H_HUMAN, sp|Q99877|H2B1N_HUMAN, sp|Q99879|H2B1M_HUMAN, sp|Q99880|H2B1L_HUMAN
20150906_HEK-arsenite_ctrl-1.01076.01076.2	C:\Users\bathy\Documents\HEK\interact-20150906_HEK-arsenite_ctrl-1.pep.xml	LAHYNKR		R	S	7	2	397.0999	900.4998	900.4991	451.2572	451.2569	900.4930	451.2538	0.0061	0.9499	0.1812	0.06569013000000	13.2300	0.0000	1.0000	2	1	81	87	0.0000			false	sp|P58876|H2B1D_HUMAN	P58876	H2B1D_HUMAN	H2BC5	Histone H2B type 1-D	H2BC11, H2BC12, H2BC13, H2BC14, H2BC15, H2BC17, H2BC18, H2BC19P, H2BC20P, H2BC21, H2BC3, H2BC4, H2BC9, H2BU1	sp|O60814|H2B1K_HUMAN, sp|P06899|H2B1J_HUMAN, sp|P23527|H2B1O_HUMAN, sp|P33778|H2B1B_HUMAN, sp|P62807|H2B1C_HUMAN, sp|Q16778|H2B2E_HUMAN, sp|Q5QNW6|H2B2F_HUMAN, sp|Q6DN03|H2B2C_HUMAN, sp|Q6DRA6|H2B2D_HUMAN, sp|Q8N257|H2B3B_HUMAN, sp|Q93079|H2B1H_HUMAN, sp|Q99877|H2B1N_HUMAN, sp|Q99879|H2B1M_HUMAN, sp|Q99880|H2B1L_HUMAN
20150906_HEK-arsenite_ctrl-1.01785.01785.2	C:\Users\bathy\Documents\HEK\interact-20150906_HEK-arsenite_ctrl-1.pep.xml	LAHYNKR		R	S	7	2	653.6964	900.5041	900.4991	451.2594	451.2569	900.4930	451.2538	0.0061	0.9825	0.0996	0.00346488900000	21.1990	14.3590	0.9971	2	1	81	87	0.0000			false	sp|P58876|H2B1D_HUMAN	P58876	H2B1D_HUMAN	H2BC5	Histone H2B type 1-D	H2BC11, H2BC12, H2BC13, H2BC14, H2BC15, H2BC17, H2BC18, H2BC19P, H2BC20P, H2BC21, H2BC3, H2BC4, H2BC9, H2BU1	sp|O60814|H2B1K_HUMAN, sp|P06899|H2B1J_HUMAN, sp|P23527|H2B1O_HUMAN, sp|P33778|H2B1B_HUMAN, sp|P62807|H2B1C_HUMAN, sp|Q16778|H2B2E_HUMAN, sp|Q5QNW6|H2B2F_HUMAN, sp|Q6DN03|H2B2C_HUMAN, sp|Q6DRA6|H2B2D_HUMAN, sp|Q8N257|H2B3B_HUMAN, sp|Q93079|H2B1H_HUMAN, sp|Q99877|H2B1N_HUMAN, sp|Q99879|H2B1M_HUMAN, sp|Q99880|H2B1L_HUMAN
20150906_HEK-arsenite_ctrl-1.01804.01804.2	C:\Users\bathy\Documents\HEK\interact-20150906_HEK-arsenite_ctrl-1.pep.xml	KSAPATGGVK		R	K	10	2	662.9845	914.5248	914.5195	458.2697	458.2670	914.5185	458.2665	0.0010	0.0000	-0.1056	1.10225700000000	10.8870	0.0000	0.6662	2	1	28	37	0.0000			false	sp|P68431|H31_HUMAN	P68431	H31_HUMAN	H3C1	Histone H3.1	H3-2, H3-4, H3C15	sp|Q16695|H31T_HUMAN, sp|Q5TEC6|H3PS2_HUMAN, sp|Q71DI3|H32_HUMAN
20150906_HEK-arsenite_ctrl-1.01868.01868.2	C:\Users\bathy\Documents\HEK\interact-20150906_HEK-arsenite_ctrl-1.pep.xml	LAHYNKR		R	S	7	2	687.2448	900.4999	900.5016	451.2572	451.2581	900.4930	451.2538	0.0086	0.9368	0.0889	0.00102063000000	15.1600	10.7350	0.9887	2	1	81	87	0.0000			false	sp|P58876|H2B1D_HUMAN	P58876	H2B1D_HUMAN	H2BC5	Histone H2B type 1-D	H2BC11, H2BC12, H2BC13, H2BC14, H2BC15, H2BC17, H2BC18, H2BC19P, H2BC20P, H2BC21, H2BC3, H2BC4, H2BC9, H2BU1	sp|O60814|H2B1K_HUMAN, sp|P06899|H2B1J_HUMAN, sp|P23527|H2B1O_HUMAN, sp|P33778|H2B1B_HUMAN, sp|P62807|H2B1C_HUMAN, sp|Q16778|H2B2E_HUMAN, sp|Q5QNW6|H2B2F_HUMAN, sp|Q6DN03|H2B2C_HUMAN, sp|Q6DRA6|H2B2D_HUMAN, sp|Q8N257|H2B3B_HUMAN, sp|Q93079|H2B1H_HUMAN, sp|Q99877|H2B1N_HUMAN, sp|Q99879|H2B1M_HUMAN, sp|Q99880|H2B1L_HUMAN
20150906_HEK-arsenite_ctrl-1.01912.01912.2	C:\Users\bathy\Documents\HEK\interact-20150906_HEK-arsenite_ctrl-1.pep.xml	LAHYNKR		R	S	7	2	703.1126	900.4990	900.5015	451.2568	451.2580	900.4930	451.2538	0.0085	0.9191	0.0839	0.48205660000000	12.1490	0.0000	0.9998	2	1	81	87	0.0000			false	sp|P58876|H2B1D_HUMAN	P58876	H2B1D_HUMAN	H2BC5	Histone H2B type 1-D	H2BC11, H2BC12, H2BC13, H2BC14, H2BC15, H2BC17, H2BC18, H2BC19P, H2BC20P, H2BC21, H2BC3, H2BC4, H2BC9, H2BU1	sp|O60814|H2B1K_HUMAN, sp|P06899|H2B1J_HUMAN, sp|P23527|H2B1O_HUMAN, sp|P33778|H2B1B_HUMAN, sp|P62807|H2B1C_HUMAN, sp|Q16778|H2B2E_HUMAN, sp|Q5QNW6|H2B2F_HUMAN, sp|Q6DN03|H2B2C_HUMAN, sp|Q6DRA6|H2B2D_HUMAN, sp|Q8N257|H2B3B_HUMAN, sp|Q93079|H2B1H_HUMAN, sp|Q99877|H2B1N_HUMAN, sp|Q99879|H2B1M_HUMAN, sp|Q99880|H2B1L_HUMAN
20150906_HEK-arsenite_ctrl-1.02011.02011.2	C:\Users\bathy\Documents\HEK\interact-20150906_HEK-arsenite_ctrl-1.pep.xml	KLSKSLLK		R	H	8	2	739.0771	917.6171	917.6143	459.8158	459.8144	915.6116	458.8131	2.0026	0.0000	1.1801	0.12459480000000	11.1180	0.0000	0.9796	2	2	126	133	0.0000			true	sp|Q96A23|CPNE4_HUMAN	Q96A23	CPNE4_HUMAN	CPNE4	Copine-4		
20150906_HEK-arsenite_ctrl-1.02054.02054.2	C:\Users\bathy\Documents\HEK\interact-20150906_HEK-arsenite_ctrl-1.pep.xml	KLSKSLLK		R	H	8	2	754.5084	917.6127	917.6143	459.8136	459.8144	915.6116	458.8131	2.0026	0.0000	1.1752	1.42560800000000	10.8840	0.0000	0.9908	2	2	126	133	0.0000			true	sp|Q96A23|CPNE4_HUMAN	Q96A23	CPNE4_HUMAN	CPNE4	Copine-4		
20150906_HEK-arsenite_ctrl-1.02473.02473.2	C:\Users\bathy\Documents\HEK\interact-20150906_HEK-arsenite_ctrl-1.pep.xml	KLSKSLLK		R	H	8	2	907.8151	917.6169	917.6143	459.8157	459.8144	915.6116	458.8131	2.0026	0.0000	1.1265	0.37562110000000	10.2010	0.0000	0.6913	2	2	126	133	0.0000			true	sp|Q96A23|CPNE4_HUMAN	Q96A23	CPNE4_HUMAN	CPNE4	Copine-4		
20150906_HEK-arsenite_ctrl-1.03041.03041.2	C:\Users\bathy\Documents\HEK\interact-20150906_HEK-arsenite_ctrl-1.pep.xml	KLSKSLLK		R	H	8	2	1114.7346	917.6171	917.6138	459.8158	459.8142	915.6116	458.8131	2.0022	0.0000	1.0607	0.99884950000000	10.5020	0.0000	0.9244	2	2	126	133	0.0000			true	sp|Q96A23|CPNE4_HUMAN	Q96A23	CPNE4_HUMAN	CPNE4	Copine-4		
20150906_HEK-arsenite_ctrl-1.03127.03127.2	C:\Users\bathy\Documents\HEK\interact-20150906_HEK-arsenite_ctrl-1.pep.xml	KLSKSLLK		R	H	8	2	1145.8896	917.6138	917.6139	459.8142	459.8142	915.6116	458.8131	2.0022	0.0000	1.0508	0.99884950000000	10.5020	0.0000	0.9639	2	2	126	133	0.0000			true	sp|Q96A23|CPNE4_HUMAN	Q96A23	CPNE4_HUMAN	CPNE4	Copine-4		
20150906_HEK-arsenite_ctrl-1.03255.03255.2	C:\Users\bathy\Documents\HEK\interact-20150906_HEK-arsenite_ctrl-1.pep.xml	KLSKSLLK		R	H	8	2	1192.6966	917.6150	917.6137	459.8148	459.8141	915.6116	458.8131	2.0020	0.0000	1.0359	0.55879190000000	10.5110	0.0000	0.9382	2	2	126	133	0.0000			true	sp|Q96A23|CPNE4_HUMAN	Q96A23	CPNE4_HUMAN	CPNE4	Copine-4		
20150906_HEK-arsenite_ctrl-1.03425.03425.2	C:\Users\bathy\Documents\HEK\interact-20150906_HEK-arsenite_ctrl-1.pep.xml	KLSKSLLK		R	H	8	2	1255.0491	917.6168	917.6141	459.8157	459.8143	915.6116	458.8131	2.0025	0.0000	1.0161	1.63117300000000	10.6500	9.3950	0.8154	2	2	126	133	0.0000			true	sp|Q96A23|CPNE4_HUMAN	Q96A23	CPNE4_HUMAN	CPNE4	Copine-4		
20150906_HEK-arsenite_ctrl-1.03889.03889.2	C:\Users\bathy\Documents\HEK\interact-20150906_HEK-arsenite_ctrl-1.pep.xml	KLSKSLLK		R	H	8	2	1425.1093	917.6122	917.6151	459.8134	459.8148	915.6116	458.8131	2.0034	0.0000	0.9620	1.37959000000000	10.9410	0.0000	0.9720	2	2	126	133	0.0000			true	sp|Q96A23|CPNE4_HUMAN	Q96A23	CPNE4_HUMAN	CPNE4	Copine-4		
20150906_HEK-arsenite_ctrl-1.03931.03931.2	C:\Users\bathy\Documents\HEK\interact-20150906_HEK-arsenite_ctrl-1.pep.xml	KLSKSLLK		R	H	8	2	1440.3457	917.6166	917.6137	459.8156	459.8141	915.6116	458.8131	2.0020	0.0000	0.9571	0.69783060000000	11.1250	0.0000	0.8184	2	2	126	133	0.0000			true	sp|Q96A23|CPNE4_HUMAN	Q96A23	CPNE4_HUMAN	CPNE4	Copine-4		